-- seed.sql -- Carga dos dados mock (INSERTs auto-contidos, sem dependência de arquivo).
-- Roda igual no Postgres local (init automático) e no RDS (psql -f seed.sql).

BEGIN;

-- clientes -----------------------------------------------------------------
INSERT INTO clientes (cliente_id, nome, email, cidade, estado, data_cadastro) VALUES (1, 'Ana Souza', 'ana.souza@exemplo.com.br', 'Rio de Janeiro', 'RJ', '2023-01-26');
INSERT INTO clientes (cliente_id, nome, email, cidade, estado, data_cadastro) VALUES (2, 'Bruno Lima', 'bruno.lima@exemplo.com.br', 'Porto Alegre', 'RS', '2023-09-08');
INSERT INTO clientes (cliente_id, nome, email, cidade, estado, data_cadastro) VALUES (3, 'Carla Mendes', 'carla.mendes@exemplo.com.br', 'Curitiba', 'PR', '2023-05-23');
INSERT INTO clientes (cliente_id, nome, email, cidade, estado, data_cadastro) VALUES (4, 'Diego Alves', 'diego.alves@exemplo.com.br', 'Rio de Janeiro', 'RJ', '2024-11-23');
INSERT INTO clientes (cliente_id, nome, email, cidade, estado, data_cadastro) VALUES (5, 'Eduarda Rocha', 'eduarda.rocha@exemplo.com.br', 'Brasília', 'DF', '2023-03-31');
INSERT INTO clientes (cliente_id, nome, email, cidade, estado, data_cadastro) VALUES (6, 'Felipe Castro', 'felipe.castro@exemplo.com.br', 'Manaus', 'AM', '2024-03-08');
INSERT INTO clientes (cliente_id, nome, email, cidade, estado, data_cadastro) VALUES (7, 'Gabriela Nunes', 'gabriela.nunes@exemplo.com.br', 'São Paulo', 'SP', '2023-01-31');
INSERT INTO clientes (cliente_id, nome, email, cidade, estado, data_cadastro) VALUES (8, 'Henrique Dias', 'henrique.dias@exemplo.com.br', 'Rio de Janeiro', 'RJ', '2023-08-12');
INSERT INTO clientes (cliente_id, nome, email, cidade, estado, data_cadastro) VALUES (9, 'Isabela Ramos', 'isabela.ramos@exemplo.com.br', 'Curitiba', 'PR', '2024-06-01');
INSERT INTO clientes (cliente_id, nome, email, cidade, estado, data_cadastro) VALUES (10, 'João Pereira', 'joão.pereira@exemplo.com.br', 'Manaus', 'AM', '2023-01-28');
INSERT INTO clientes (cliente_id, nome, email, cidade, estado, data_cadastro) VALUES (11, 'Karina Teixeira', 'karina.teixeira@exemplo.com.br', 'Brasília', 'DF', '2023-07-23');
INSERT INTO clientes (cliente_id, nome, email, cidade, estado, data_cadastro) VALUES (12, 'Lucas Martins', 'lucas.martins@exemplo.com.br', 'Brasília', 'DF', '2024-03-05');
INSERT INTO clientes (cliente_id, nome, email, cidade, estado, data_cadastro) VALUES (13, 'Mariana Costa', 'mariana.costa@exemplo.com.br', 'Curitiba', 'PR', '2024-04-04');
INSERT INTO clientes (cliente_id, nome, email, cidade, estado, data_cadastro) VALUES (14, 'Nelson Barbosa', 'nelson.barbosa@exemplo.com.br', 'Manaus', 'AM', '2023-10-12');
INSERT INTO clientes (cliente_id, nome, email, cidade, estado, data_cadastro) VALUES (15, 'Olivia Freitas', 'olivia.freitas@exemplo.com.br', 'São Paulo', 'SP', '2023-06-13');
INSERT INTO clientes (cliente_id, nome, email, cidade, estado, data_cadastro) VALUES (16, 'Paulo Cardoso', 'paulo.cardoso@exemplo.com.br', 'Recife', 'PE', '2023-12-15');
INSERT INTO clientes (cliente_id, nome, email, cidade, estado, data_cadastro) VALUES (17, 'Queila Moraes', 'queila.moraes@exemplo.com.br', 'Porto Alegre', 'RS', '2023-06-09');
INSERT INTO clientes (cliente_id, nome, email, cidade, estado, data_cadastro) VALUES (18, 'Rafael Gomes', 'rafael.gomes@exemplo.com.br', 'Curitiba', 'PR', '2023-12-11');
INSERT INTO clientes (cliente_id, nome, email, cidade, estado, data_cadastro) VALUES (19, 'Sofia Carvalho', 'sofia.carvalho@exemplo.com.br', 'Rio de Janeiro', 'RJ', '2023-04-05');
INSERT INTO clientes (cliente_id, nome, email, cidade, estado, data_cadastro) VALUES (20, 'Thiago Azevedo', 'thiago.azevedo@exemplo.com.br', 'Recife', 'PE', '2023-04-10');

-- produtos -----------------------------------------------------------------
INSERT INTO produtos (produto_id, nome, categoria, preco) VALUES (1, 'Notebook Pro 14', 'Informática', 5499.90);
INSERT INTO produtos (produto_id, nome, categoria, preco) VALUES (2, 'Mouse sem fio', 'Informática', 129.90);
INSERT INTO produtos (produto_id, nome, categoria, preco) VALUES (3, 'Teclado mecânico', 'Informática', 349.90);
INSERT INTO produtos (produto_id, nome, categoria, preco) VALUES (4, 'Monitor 27 4K', 'Informática', 1899.00);
INSERT INTO produtos (produto_id, nome, categoria, preco) VALUES (5, 'Cadeira ergonômica', 'Móveis', 1290.00);
INSERT INTO produtos (produto_id, nome, categoria, preco) VALUES (6, 'Mesa de escritório', 'Móveis', 899.00);
INSERT INTO produtos (produto_id, nome, categoria, preco) VALUES (7, 'Smartphone X', 'Celulares', 3299.00);
INSERT INTO produtos (produto_id, nome, categoria, preco) VALUES (8, 'Fone Bluetooth', 'Áudio', 299.90);
INSERT INTO produtos (produto_id, nome, categoria, preco) VALUES (9, 'Caixa de som', 'Áudio', 459.00);
INSERT INTO produtos (produto_id, nome, categoria, preco) VALUES (10, 'Câmera Web HD', 'Informática', 219.90);
INSERT INTO produtos (produto_id, nome, categoria, preco) VALUES (11, 'SSD 1TB', 'Informática', 549.00);
INSERT INTO produtos (produto_id, nome, categoria, preco) VALUES (12, 'Carregador USB-C', 'Acessórios', 89.90);
INSERT INTO produtos (produto_id, nome, categoria, preco) VALUES (13, 'Hub USB', 'Acessórios', 159.00);
INSERT INTO produtos (produto_id, nome, categoria, preco) VALUES (14, 'Webcam Ring Light', 'Acessórios', 119.00);
INSERT INTO produtos (produto_id, nome, categoria, preco) VALUES (15, 'Tablet 10', 'Celulares', 1799.00);

-- vendas -------------------------------------------------------------------
INSERT INTO vendas (venda_id, cliente_id, produto_id, quantidade, valor_total, data_venda) VALUES (1, 12, 14, 3, 357.00, '2024-11-05 12:51:00');
INSERT INTO vendas (venda_id, cliente_id, produto_id, quantidade, valor_total, data_venda) VALUES (2, 2, 12, 4, 359.60, '2024-10-01 09:59:00');
INSERT INTO vendas (venda_id, cliente_id, produto_id, quantidade, valor_total, data_venda) VALUES (3, 13, 2, 5, 649.50, '2024-05-30 18:39:00');
INSERT INTO vendas (venda_id, cliente_id, produto_id, quantidade, valor_total, data_venda) VALUES (4, 12, 10, 2, 439.80, '2024-12-26 09:02:00');
INSERT INTO vendas (venda_id, cliente_id, produto_id, quantidade, valor_total, data_venda) VALUES (5, 8, 13, 3, 477.00, '2024-02-10 11:55:00');
INSERT INTO vendas (venda_id, cliente_id, produto_id, quantidade, valor_total, data_venda) VALUES (6, 4, 7, 3, 9897.00, '2024-08-20 18:53:00');
INSERT INTO vendas (venda_id, cliente_id, produto_id, quantidade, valor_total, data_venda) VALUES (7, 12, 3, 3, 1049.70, '2024-06-30 11:42:00');
INSERT INTO vendas (venda_id, cliente_id, produto_id, quantidade, valor_total, data_venda) VALUES (8, 9, 12, 1, 89.90, '2024-11-07 18:10:00');
INSERT INTO vendas (venda_id, cliente_id, produto_id, quantidade, valor_total, data_venda) VALUES (9, 18, 12, 2, 179.80, '2024-03-24 15:24:00');
INSERT INTO vendas (venda_id, cliente_id, produto_id, quantidade, valor_total, data_venda) VALUES (10, 9, 15, 5, 8995.00, '2024-04-22 18:20:00');
INSERT INTO vendas (venda_id, cliente_id, produto_id, quantidade, valor_total, data_venda) VALUES (11, 2, 4, 1, 1899.00, '2024-06-10 14:17:00');
INSERT INTO vendas (venda_id, cliente_id, produto_id, quantidade, valor_total, data_venda) VALUES (12, 3, 4, 5, 9495.00, '2024-06-10 11:41:00');
INSERT INTO vendas (venda_id, cliente_id, produto_id, quantidade, valor_total, data_venda) VALUES (13, 16, 7, 4, 13196.00, '2024-03-14 12:08:00');
INSERT INTO vendas (venda_id, cliente_id, produto_id, quantidade, valor_total, data_venda) VALUES (14, 8, 12, 5, 449.50, '2024-10-02 12:47:00');
INSERT INTO vendas (venda_id, cliente_id, produto_id, quantidade, valor_total, data_venda) VALUES (15, 19, 7, 5, 16495.00, '2024-07-23 13:14:00');
INSERT INTO vendas (venda_id, cliente_id, produto_id, quantidade, valor_total, data_venda) VALUES (16, 5, 9, 4, 1836.00, '2024-02-16 08:55:00');
INSERT INTO vendas (venda_id, cliente_id, produto_id, quantidade, valor_total, data_venda) VALUES (17, 4, 3, 2, 699.80, '2024-12-14 14:38:00');
INSERT INTO vendas (venda_id, cliente_id, produto_id, quantidade, valor_total, data_venda) VALUES (18, 3, 7, 4, 13196.00, '2024-11-01 15:33:00');
INSERT INTO vendas (venda_id, cliente_id, produto_id, quantidade, valor_total, data_venda) VALUES (19, 9, 9, 1, 459.00, '2024-12-14 19:07:00');
INSERT INTO vendas (venda_id, cliente_id, produto_id, quantidade, valor_total, data_venda) VALUES (20, 18, 13, 3, 477.00, '2024-11-24 13:07:00');
INSERT INTO vendas (venda_id, cliente_id, produto_id, quantidade, valor_total, data_venda) VALUES (21, 10, 7, 2, 6598.00, '2024-08-20 08:46:00');
INSERT INTO vendas (venda_id, cliente_id, produto_id, quantidade, valor_total, data_venda) VALUES (22, 9, 9, 2, 918.00, '2024-09-16 09:55:00');
INSERT INTO vendas (venda_id, cliente_id, produto_id, quantidade, valor_total, data_venda) VALUES (23, 10, 14, 5, 595.00, '2024-11-07 11:09:00');
INSERT INTO vendas (venda_id, cliente_id, produto_id, quantidade, valor_total, data_venda) VALUES (24, 12, 13, 2, 318.00, '2024-10-03 16:58:00');
INSERT INTO vendas (venda_id, cliente_id, produto_id, quantidade, valor_total, data_venda) VALUES (25, 1, 10, 3, 659.70, '2024-09-07 08:07:00');
INSERT INTO vendas (venda_id, cliente_id, produto_id, quantidade, valor_total, data_venda) VALUES (26, 12, 15, 3, 5397.00, '2024-05-02 08:15:00');
INSERT INTO vendas (venda_id, cliente_id, produto_id, quantidade, valor_total, data_venda) VALUES (27, 19, 2, 1, 129.90, '2024-09-05 09:48:00');
INSERT INTO vendas (venda_id, cliente_id, produto_id, quantidade, valor_total, data_venda) VALUES (28, 18, 13, 2, 318.00, '2024-03-06 18:30:00');
INSERT INTO vendas (venda_id, cliente_id, produto_id, quantidade, valor_total, data_venda) VALUES (29, 18, 3, 3, 1049.70, '2024-09-27 17:27:00');
INSERT INTO vendas (venda_id, cliente_id, produto_id, quantidade, valor_total, data_venda) VALUES (30, 7, 15, 5, 8995.00, '2024-12-19 11:45:00');
INSERT INTO vendas (venda_id, cliente_id, produto_id, quantidade, valor_total, data_venda) VALUES (31, 10, 7, 3, 9897.00, '2024-08-12 16:28:00');
INSERT INTO vendas (venda_id, cliente_id, produto_id, quantidade, valor_total, data_venda) VALUES (32, 4, 4, 2, 3798.00, '2024-02-02 13:01:00');
INSERT INTO vendas (venda_id, cliente_id, produto_id, quantidade, valor_total, data_venda) VALUES (33, 19, 9, 2, 918.00, '2024-10-28 11:00:00');
INSERT INTO vendas (venda_id, cliente_id, produto_id, quantidade, valor_total, data_venda) VALUES (34, 3, 12, 1, 89.90, '2024-04-27 09:57:00');
INSERT INTO vendas (venda_id, cliente_id, produto_id, quantidade, valor_total, data_venda) VALUES (35, 2, 14, 3, 357.00, '2024-02-06 16:15:00');
INSERT INTO vendas (venda_id, cliente_id, produto_id, quantidade, valor_total, data_venda) VALUES (36, 9, 11, 4, 2196.00, '2024-04-19 16:08:00');
INSERT INTO vendas (venda_id, cliente_id, produto_id, quantidade, valor_total, data_venda) VALUES (37, 19, 10, 4, 879.60, '2024-05-04 15:51:00');
INSERT INTO vendas (venda_id, cliente_id, produto_id, quantidade, valor_total, data_venda) VALUES (38, 14, 4, 1, 1899.00, '2024-02-19 18:27:00');
INSERT INTO vendas (venda_id, cliente_id, produto_id, quantidade, valor_total, data_venda) VALUES (39, 12, 7, 4, 13196.00, '2024-08-27 19:03:00');
INSERT INTO vendas (venda_id, cliente_id, produto_id, quantidade, valor_total, data_venda) VALUES (40, 4, 1, 4, 21999.60, '2024-06-22 09:15:00');
INSERT INTO vendas (venda_id, cliente_id, produto_id, quantidade, valor_total, data_venda) VALUES (41, 7, 4, 5, 9495.00, '2024-08-17 10:27:00');
INSERT INTO vendas (venda_id, cliente_id, produto_id, quantidade, valor_total, data_venda) VALUES (42, 6, 5, 4, 5160.00, '2024-05-07 09:28:00');
INSERT INTO vendas (venda_id, cliente_id, produto_id, quantidade, valor_total, data_venda) VALUES (43, 18, 2, 1, 129.90, '2024-11-29 16:53:00');
INSERT INTO vendas (venda_id, cliente_id, produto_id, quantidade, valor_total, data_venda) VALUES (44, 1, 2, 2, 259.80, '2024-03-26 14:31:00');
INSERT INTO vendas (venda_id, cliente_id, produto_id, quantidade, valor_total, data_venda) VALUES (45, 16, 4, 4, 7596.00, '2024-01-31 10:24:00');
INSERT INTO vendas (venda_id, cliente_id, produto_id, quantidade, valor_total, data_venda) VALUES (46, 1, 7, 3, 9897.00, '2024-08-20 12:27:00');
INSERT INTO vendas (venda_id, cliente_id, produto_id, quantidade, valor_total, data_venda) VALUES (47, 18, 11, 4, 2196.00, '2024-03-20 11:18:00');
INSERT INTO vendas (venda_id, cliente_id, produto_id, quantidade, valor_total, data_venda) VALUES (48, 7, 1, 5, 27499.50, '2024-10-04 08:47:00');
INSERT INTO vendas (venda_id, cliente_id, produto_id, quantidade, valor_total, data_venda) VALUES (49, 11, 1, 1, 5499.90, '2024-10-26 15:32:00');
INSERT INTO vendas (venda_id, cliente_id, produto_id, quantidade, valor_total, data_venda) VALUES (50, 17, 3, 1, 349.90, '2024-09-17 09:54:00');
INSERT INTO vendas (venda_id, cliente_id, produto_id, quantidade, valor_total, data_venda) VALUES (51, 6, 2, 5, 649.50, '2024-02-04 18:55:00');
INSERT INTO vendas (venda_id, cliente_id, produto_id, quantidade, valor_total, data_venda) VALUES (52, 8, 7, 1, 3299.00, '2024-10-18 11:37:00');
INSERT INTO vendas (venda_id, cliente_id, produto_id, quantidade, valor_total, data_venda) VALUES (53, 20, 1, 5, 27499.50, '2024-02-11 14:42:00');
INSERT INTO vendas (venda_id, cliente_id, produto_id, quantidade, valor_total, data_venda) VALUES (54, 19, 10, 5, 1099.50, '2024-06-10 12:13:00');
INSERT INTO vendas (venda_id, cliente_id, produto_id, quantidade, valor_total, data_venda) VALUES (55, 11, 4, 3, 5697.00, '2024-07-21 10:42:00');
INSERT INTO vendas (venda_id, cliente_id, produto_id, quantidade, valor_total, data_venda) VALUES (56, 10, 8, 3, 899.70, '2024-02-07 08:29:00');
INSERT INTO vendas (venda_id, cliente_id, produto_id, quantidade, valor_total, data_venda) VALUES (57, 20, 10, 1, 219.90, '2024-02-07 16:13:00');
INSERT INTO vendas (venda_id, cliente_id, produto_id, quantidade, valor_total, data_venda) VALUES (58, 17, 5, 2, 2580.00, '2024-06-27 09:56:00');
INSERT INTO vendas (venda_id, cliente_id, produto_id, quantidade, valor_total, data_venda) VALUES (59, 8, 6, 3, 2697.00, '2024-03-21 15:53:00');
INSERT INTO vendas (venda_id, cliente_id, produto_id, quantidade, valor_total, data_venda) VALUES (60, 18, 12, 3, 269.70, '2024-11-09 18:33:00');
INSERT INTO vendas (venda_id, cliente_id, produto_id, quantidade, valor_total, data_venda) VALUES (61, 1, 11, 5, 2745.00, '2024-06-02 18:06:00');
INSERT INTO vendas (venda_id, cliente_id, produto_id, quantidade, valor_total, data_venda) VALUES (62, 5, 5, 1, 1290.00, '2024-02-24 19:35:00');
INSERT INTO vendas (venda_id, cliente_id, produto_id, quantidade, valor_total, data_venda) VALUES (63, 5, 5, 3, 3870.00, '2024-11-05 11:45:00');
INSERT INTO vendas (venda_id, cliente_id, produto_id, quantidade, valor_total, data_venda) VALUES (64, 11, 4, 3, 5697.00, '2024-09-15 15:16:00');
INSERT INTO vendas (venda_id, cliente_id, produto_id, quantidade, valor_total, data_venda) VALUES (65, 2, 2, 4, 519.60, '2024-05-21 08:00:00');
INSERT INTO vendas (venda_id, cliente_id, produto_id, quantidade, valor_total, data_venda) VALUES (66, 11, 13, 2, 318.00, '2024-11-22 12:10:00');
INSERT INTO vendas (venda_id, cliente_id, produto_id, quantidade, valor_total, data_venda) VALUES (67, 15, 9, 4, 1836.00, '2024-10-14 08:07:00');
INSERT INTO vendas (venda_id, cliente_id, produto_id, quantidade, valor_total, data_venda) VALUES (68, 3, 15, 2, 3598.00, '2024-10-06 08:53:00');
INSERT INTO vendas (venda_id, cliente_id, produto_id, quantidade, valor_total, data_venda) VALUES (69, 12, 10, 5, 1099.50, '2024-03-16 14:08:00');
INSERT INTO vendas (venda_id, cliente_id, produto_id, quantidade, valor_total, data_venda) VALUES (70, 2, 5, 3, 3870.00, '2024-01-21 13:13:00');
INSERT INTO vendas (venda_id, cliente_id, produto_id, quantidade, valor_total, data_venda) VALUES (71, 8, 11, 1, 549.00, '2024-06-30 16:56:00');
INSERT INTO vendas (venda_id, cliente_id, produto_id, quantidade, valor_total, data_venda) VALUES (72, 14, 10, 2, 439.80, '2024-05-01 10:51:00');
INSERT INTO vendas (venda_id, cliente_id, produto_id, quantidade, valor_total, data_venda) VALUES (73, 6, 15, 4, 7196.00, '2024-01-13 10:47:00');
INSERT INTO vendas (venda_id, cliente_id, produto_id, quantidade, valor_total, data_venda) VALUES (74, 11, 13, 4, 636.00, '2024-12-08 19:51:00');
INSERT INTO vendas (venda_id, cliente_id, produto_id, quantidade, valor_total, data_venda) VALUES (75, 8, 5, 2, 2580.00, '2024-12-25 09:24:00');
INSERT INTO vendas (venda_id, cliente_id, produto_id, quantidade, valor_total, data_venda) VALUES (76, 2, 14, 4, 476.00, '2024-04-23 11:52:00');
INSERT INTO vendas (venda_id, cliente_id, produto_id, quantidade, valor_total, data_venda) VALUES (77, 15, 6, 3, 2697.00, '2024-04-26 11:01:00');
INSERT INTO vendas (venda_id, cliente_id, produto_id, quantidade, valor_total, data_venda) VALUES (78, 7, 7, 3, 9897.00, '2024-05-22 09:49:00');
INSERT INTO vendas (venda_id, cliente_id, produto_id, quantidade, valor_total, data_venda) VALUES (79, 9, 6, 5, 4495.00, '2024-07-23 18:53:00');
INSERT INTO vendas (venda_id, cliente_id, produto_id, quantidade, valor_total, data_venda) VALUES (80, 18, 6, 1, 899.00, '2024-02-29 12:11:00');
INSERT INTO vendas (venda_id, cliente_id, produto_id, quantidade, valor_total, data_venda) VALUES (81, 19, 5, 1, 1290.00, '2024-02-25 17:27:00');
INSERT INTO vendas (venda_id, cliente_id, produto_id, quantidade, valor_total, data_venda) VALUES (82, 12, 12, 3, 269.70, '2024-08-11 17:32:00');
INSERT INTO vendas (venda_id, cliente_id, produto_id, quantidade, valor_total, data_venda) VALUES (83, 4, 7, 5, 16495.00, '2024-04-07 12:02:00');
INSERT INTO vendas (venda_id, cliente_id, produto_id, quantidade, valor_total, data_venda) VALUES (84, 14, 1, 5, 27499.50, '2024-10-02 18:46:00');
INSERT INTO vendas (venda_id, cliente_id, produto_id, quantidade, valor_total, data_venda) VALUES (85, 7, 6, 4, 3596.00, '2024-02-05 18:58:00');
INSERT INTO vendas (venda_id, cliente_id, produto_id, quantidade, valor_total, data_venda) VALUES (86, 11, 10, 3, 659.70, '2024-12-05 09:46:00');
INSERT INTO vendas (venda_id, cliente_id, produto_id, quantidade, valor_total, data_venda) VALUES (87, 10, 9, 3, 1377.00, '2024-12-07 14:20:00');
INSERT INTO vendas (venda_id, cliente_id, produto_id, quantidade, valor_total, data_venda) VALUES (88, 13, 12, 3, 269.70, '2024-10-10 10:12:00');
INSERT INTO vendas (venda_id, cliente_id, produto_id, quantidade, valor_total, data_venda) VALUES (89, 14, 11, 4, 2196.00, '2024-12-12 19:57:00');
INSERT INTO vendas (venda_id, cliente_id, produto_id, quantidade, valor_total, data_venda) VALUES (90, 6, 10, 5, 1099.50, '2024-06-03 14:35:00');
INSERT INTO vendas (venda_id, cliente_id, produto_id, quantidade, valor_total, data_venda) VALUES (91, 1, 5, 3, 3870.00, '2024-04-17 14:50:00');
INSERT INTO vendas (venda_id, cliente_id, produto_id, quantidade, valor_total, data_venda) VALUES (92, 19, 10, 3, 659.70, '2024-08-26 15:28:00');
INSERT INTO vendas (venda_id, cliente_id, produto_id, quantidade, valor_total, data_venda) VALUES (93, 7, 9, 4, 1836.00, '2024-03-27 18:05:00');
INSERT INTO vendas (venda_id, cliente_id, produto_id, quantidade, valor_total, data_venda) VALUES (94, 10, 9, 5, 2295.00, '2024-06-20 09:52:00');
INSERT INTO vendas (venda_id, cliente_id, produto_id, quantidade, valor_total, data_venda) VALUES (95, 8, 11, 3, 1647.00, '2024-04-25 11:09:00');
INSERT INTO vendas (venda_id, cliente_id, produto_id, quantidade, valor_total, data_venda) VALUES (96, 1, 1, 2, 10999.80, '2024-08-31 17:54:00');
INSERT INTO vendas (venda_id, cliente_id, produto_id, quantidade, valor_total, data_venda) VALUES (97, 3, 8, 4, 1199.60, '2024-11-18 17:12:00');
INSERT INTO vendas (venda_id, cliente_id, produto_id, quantidade, valor_total, data_venda) VALUES (98, 13, 8, 4, 1199.60, '2024-05-04 10:41:00');
INSERT INTO vendas (venda_id, cliente_id, produto_id, quantidade, valor_total, data_venda) VALUES (99, 1, 15, 1, 1799.00, '2024-08-05 11:11:00');
INSERT INTO vendas (venda_id, cliente_id, produto_id, quantidade, valor_total, data_venda) VALUES (100, 17, 8, 1, 299.90, '2024-10-12 11:58:00');
INSERT INTO vendas (venda_id, cliente_id, produto_id, quantidade, valor_total, data_venda) VALUES (101, 4, 8, 2, 599.80, '2024-08-25 18:33:00');
INSERT INTO vendas (venda_id, cliente_id, produto_id, quantidade, valor_total, data_venda) VALUES (102, 18, 10, 3, 659.70, '2024-08-14 17:52:00');
INSERT INTO vendas (venda_id, cliente_id, produto_id, quantidade, valor_total, data_venda) VALUES (103, 17, 7, 5, 16495.00, '2024-08-16 10:47:00');
INSERT INTO vendas (venda_id, cliente_id, produto_id, quantidade, valor_total, data_venda) VALUES (104, 16, 8, 3, 899.70, '2024-05-06 18:17:00');
INSERT INTO vendas (venda_id, cliente_id, produto_id, quantidade, valor_total, data_venda) VALUES (105, 17, 8, 2, 599.80, '2024-05-20 15:04:00');
INSERT INTO vendas (venda_id, cliente_id, produto_id, quantidade, valor_total, data_venda) VALUES (106, 10, 4, 3, 5697.00, '2024-06-20 13:57:00');
INSERT INTO vendas (venda_id, cliente_id, produto_id, quantidade, valor_total, data_venda) VALUES (107, 18, 2, 2, 259.80, '2024-03-18 11:24:00');
INSERT INTO vendas (venda_id, cliente_id, produto_id, quantidade, valor_total, data_venda) VALUES (108, 5, 12, 2, 179.80, '2024-02-02 14:26:00');
INSERT INTO vendas (venda_id, cliente_id, produto_id, quantidade, valor_total, data_venda) VALUES (109, 11, 9, 4, 1836.00, '2024-07-31 08:13:00');
INSERT INTO vendas (venda_id, cliente_id, produto_id, quantidade, valor_total, data_venda) VALUES (110, 14, 7, 5, 16495.00, '2024-12-22 08:54:00');
INSERT INTO vendas (venda_id, cliente_id, produto_id, quantidade, valor_total, data_venda) VALUES (111, 19, 7, 4, 13196.00, '2024-01-04 13:19:00');
INSERT INTO vendas (venda_id, cliente_id, produto_id, quantidade, valor_total, data_venda) VALUES (112, 13, 14, 4, 476.00, '2024-10-02 19:47:00');
INSERT INTO vendas (venda_id, cliente_id, produto_id, quantidade, valor_total, data_venda) VALUES (113, 18, 13, 5, 795.00, '2024-04-22 15:14:00');
INSERT INTO vendas (venda_id, cliente_id, produto_id, quantidade, valor_total, data_venda) VALUES (114, 9, 7, 4, 13196.00, '2024-01-15 14:21:00');
INSERT INTO vendas (venda_id, cliente_id, produto_id, quantidade, valor_total, data_venda) VALUES (115, 13, 12, 2, 179.80, '2024-08-27 10:39:00');
INSERT INTO vendas (venda_id, cliente_id, produto_id, quantidade, valor_total, data_venda) VALUES (116, 18, 1, 4, 21999.60, '2024-10-30 17:42:00');
INSERT INTO vendas (venda_id, cliente_id, produto_id, quantidade, valor_total, data_venda) VALUES (117, 1, 2, 4, 519.60, '2024-03-10 15:11:00');
INSERT INTO vendas (venda_id, cliente_id, produto_id, quantidade, valor_total, data_venda) VALUES (118, 2, 5, 4, 5160.00, '2024-06-16 11:29:00');
INSERT INTO vendas (venda_id, cliente_id, produto_id, quantidade, valor_total, data_venda) VALUES (119, 11, 6, 4, 3596.00, '2024-05-22 14:16:00');
INSERT INTO vendas (venda_id, cliente_id, produto_id, quantidade, valor_total, data_venda) VALUES (120, 3, 8, 1, 299.90, '2024-10-03 08:22:00');
INSERT INTO vendas (venda_id, cliente_id, produto_id, quantidade, valor_total, data_venda) VALUES (121, 8, 11, 1, 549.00, '2024-11-29 08:48:00');
INSERT INTO vendas (venda_id, cliente_id, produto_id, quantidade, valor_total, data_venda) VALUES (122, 1, 4, 2, 3798.00, '2024-01-11 17:09:00');
INSERT INTO vendas (venda_id, cliente_id, produto_id, quantidade, valor_total, data_venda) VALUES (123, 8, 3, 4, 1399.60, '2024-12-08 09:36:00');
INSERT INTO vendas (venda_id, cliente_id, produto_id, quantidade, valor_total, data_venda) VALUES (124, 7, 8, 3, 899.70, '2024-07-07 10:38:00');
INSERT INTO vendas (venda_id, cliente_id, produto_id, quantidade, valor_total, data_venda) VALUES (125, 20, 12, 1, 89.90, '2024-03-24 12:06:00');
INSERT INTO vendas (venda_id, cliente_id, produto_id, quantidade, valor_total, data_venda) VALUES (126, 19, 1, 3, 16499.70, '2024-10-21 18:58:00');
INSERT INTO vendas (venda_id, cliente_id, produto_id, quantidade, valor_total, data_venda) VALUES (127, 13, 7, 2, 6598.00, '2024-02-08 17:44:00');
INSERT INTO vendas (venda_id, cliente_id, produto_id, quantidade, valor_total, data_venda) VALUES (128, 8, 2, 3, 389.70, '2024-12-16 17:51:00');
INSERT INTO vendas (venda_id, cliente_id, produto_id, quantidade, valor_total, data_venda) VALUES (129, 4, 13, 5, 795.00, '2024-01-22 13:34:00');
INSERT INTO vendas (venda_id, cliente_id, produto_id, quantidade, valor_total, data_venda) VALUES (130, 14, 11, 3, 1647.00, '2024-02-05 16:41:00');
INSERT INTO vendas (venda_id, cliente_id, produto_id, quantidade, valor_total, data_venda) VALUES (131, 11, 1, 4, 21999.60, '2024-09-07 09:27:00');
INSERT INTO vendas (venda_id, cliente_id, produto_id, quantidade, valor_total, data_venda) VALUES (132, 12, 11, 4, 2196.00, '2024-12-28 10:27:00');
INSERT INTO vendas (venda_id, cliente_id, produto_id, quantidade, valor_total, data_venda) VALUES (133, 6, 12, 5, 449.50, '2024-11-29 12:39:00');
INSERT INTO vendas (venda_id, cliente_id, produto_id, quantidade, valor_total, data_venda) VALUES (134, 18, 13, 4, 636.00, '2024-08-26 14:52:00');
INSERT INTO vendas (venda_id, cliente_id, produto_id, quantidade, valor_total, data_venda) VALUES (135, 19, 5, 3, 3870.00, '2024-05-05 09:17:00');
INSERT INTO vendas (venda_id, cliente_id, produto_id, quantidade, valor_total, data_venda) VALUES (136, 15, 4, 4, 7596.00, '2024-10-18 17:42:00');
INSERT INTO vendas (venda_id, cliente_id, produto_id, quantidade, valor_total, data_venda) VALUES (137, 13, 6, 1, 899.00, '2024-09-10 13:11:00');
INSERT INTO vendas (venda_id, cliente_id, produto_id, quantidade, valor_total, data_venda) VALUES (138, 16, 4, 3, 5697.00, '2024-05-12 13:17:00');
INSERT INTO vendas (venda_id, cliente_id, produto_id, quantidade, valor_total, data_venda) VALUES (139, 20, 12, 3, 269.70, '2024-10-11 08:33:00');
INSERT INTO vendas (venda_id, cliente_id, produto_id, quantidade, valor_total, data_venda) VALUES (140, 7, 2, 2, 259.80, '2024-07-27 15:35:00');
INSERT INTO vendas (venda_id, cliente_id, produto_id, quantidade, valor_total, data_venda) VALUES (141, 8, 12, 4, 359.60, '2024-11-26 19:31:00');
INSERT INTO vendas (venda_id, cliente_id, produto_id, quantidade, valor_total, data_venda) VALUES (142, 15, 13, 1, 159.00, '2024-02-17 12:14:00');
INSERT INTO vendas (venda_id, cliente_id, produto_id, quantidade, valor_total, data_venda) VALUES (143, 13, 12, 2, 179.80, '2024-06-05 18:37:00');
INSERT INTO vendas (venda_id, cliente_id, produto_id, quantidade, valor_total, data_venda) VALUES (144, 12, 8, 5, 1499.50, '2024-09-28 13:27:00');
INSERT INTO vendas (venda_id, cliente_id, produto_id, quantidade, valor_total, data_venda) VALUES (145, 18, 6, 3, 2697.00, '2024-12-25 15:17:00');
INSERT INTO vendas (venda_id, cliente_id, produto_id, quantidade, valor_total, data_venda) VALUES (146, 10, 5, 2, 2580.00, '2024-03-02 19:12:00');
INSERT INTO vendas (venda_id, cliente_id, produto_id, quantidade, valor_total, data_venda) VALUES (147, 11, 2, 5, 649.50, '2024-12-19 10:12:00');
INSERT INTO vendas (venda_id, cliente_id, produto_id, quantidade, valor_total, data_venda) VALUES (148, 7, 12, 4, 359.60, '2024-05-21 19:37:00');
INSERT INTO vendas (venda_id, cliente_id, produto_id, quantidade, valor_total, data_venda) VALUES (149, 17, 10, 3, 659.70, '2024-02-21 11:18:00');
INSERT INTO vendas (venda_id, cliente_id, produto_id, quantidade, valor_total, data_venda) VALUES (150, 8, 6, 2, 1798.00, '2024-06-03 08:45:00');
INSERT INTO vendas (venda_id, cliente_id, produto_id, quantidade, valor_total, data_venda) VALUES (151, 18, 3, 3, 1049.70, '2024-01-24 08:35:00');
INSERT INTO vendas (venda_id, cliente_id, produto_id, quantidade, valor_total, data_venda) VALUES (152, 10, 12, 2, 179.80, '2024-11-22 15:06:00');
INSERT INTO vendas (venda_id, cliente_id, produto_id, quantidade, valor_total, data_venda) VALUES (153, 1, 10, 3, 659.70, '2024-08-28 15:28:00');
INSERT INTO vendas (venda_id, cliente_id, produto_id, quantidade, valor_total, data_venda) VALUES (154, 11, 3, 1, 349.90, '2024-05-09 15:07:00');
INSERT INTO vendas (venda_id, cliente_id, produto_id, quantidade, valor_total, data_venda) VALUES (155, 3, 7, 4, 13196.00, '2024-02-07 17:40:00');
INSERT INTO vendas (venda_id, cliente_id, produto_id, quantidade, valor_total, data_venda) VALUES (156, 2, 3, 2, 699.80, '2024-10-15 12:05:00');
INSERT INTO vendas (venda_id, cliente_id, produto_id, quantidade, valor_total, data_venda) VALUES (157, 8, 2, 5, 649.50, '2024-08-01 17:38:00');
INSERT INTO vendas (venda_id, cliente_id, produto_id, quantidade, valor_total, data_venda) VALUES (158, 20, 4, 5, 9495.00, '2024-07-13 15:58:00');
INSERT INTO vendas (venda_id, cliente_id, produto_id, quantidade, valor_total, data_venda) VALUES (159, 15, 5, 5, 6450.00, '2024-08-07 12:36:00');
INSERT INTO vendas (venda_id, cliente_id, produto_id, quantidade, valor_total, data_venda) VALUES (160, 20, 1, 5, 27499.50, '2024-02-20 11:40:00');
INSERT INTO vendas (venda_id, cliente_id, produto_id, quantidade, valor_total, data_venda) VALUES (161, 7, 5, 1, 1290.00, '2024-03-21 11:11:00');
INSERT INTO vendas (venda_id, cliente_id, produto_id, quantidade, valor_total, data_venda) VALUES (162, 18, 2, 2, 259.80, '2024-01-02 14:28:00');
INSERT INTO vendas (venda_id, cliente_id, produto_id, quantidade, valor_total, data_venda) VALUES (163, 20, 8, 3, 899.70, '2024-01-17 11:18:00');
INSERT INTO vendas (venda_id, cliente_id, produto_id, quantidade, valor_total, data_venda) VALUES (164, 10, 12, 4, 359.60, '2024-02-06 18:14:00');
INSERT INTO vendas (venda_id, cliente_id, produto_id, quantidade, valor_total, data_venda) VALUES (165, 9, 13, 5, 795.00, '2024-12-04 11:27:00');
INSERT INTO vendas (venda_id, cliente_id, produto_id, quantidade, valor_total, data_venda) VALUES (166, 4, 9, 2, 918.00, '2024-11-27 10:58:00');
INSERT INTO vendas (venda_id, cliente_id, produto_id, quantidade, valor_total, data_venda) VALUES (167, 9, 14, 2, 238.00, '2024-02-06 08:10:00');
INSERT INTO vendas (venda_id, cliente_id, produto_id, quantidade, valor_total, data_venda) VALUES (168, 10, 10, 5, 1099.50, '2024-05-27 15:07:00');
INSERT INTO vendas (venda_id, cliente_id, produto_id, quantidade, valor_total, data_venda) VALUES (169, 15, 12, 3, 269.70, '2024-12-24 14:17:00');
INSERT INTO vendas (venda_id, cliente_id, produto_id, quantidade, valor_total, data_venda) VALUES (170, 17, 9, 4, 1836.00, '2024-08-12 09:38:00');
INSERT INTO vendas (venda_id, cliente_id, produto_id, quantidade, valor_total, data_venda) VALUES (171, 2, 15, 4, 7196.00, '2024-06-14 17:16:00');
INSERT INTO vendas (venda_id, cliente_id, produto_id, quantidade, valor_total, data_venda) VALUES (172, 1, 2, 2, 259.80, '2024-12-11 17:37:00');
INSERT INTO vendas (venda_id, cliente_id, produto_id, quantidade, valor_total, data_venda) VALUES (173, 1, 13, 3, 477.00, '2024-10-22 08:48:00');
INSERT INTO vendas (venda_id, cliente_id, produto_id, quantidade, valor_total, data_venda) VALUES (174, 6, 8, 5, 1499.50, '2024-11-29 15:58:00');
INSERT INTO vendas (venda_id, cliente_id, produto_id, quantidade, valor_total, data_venda) VALUES (175, 9, 3, 5, 1749.50, '2024-08-11 18:52:00');
INSERT INTO vendas (venda_id, cliente_id, produto_id, quantidade, valor_total, data_venda) VALUES (176, 16, 2, 4, 519.60, '2024-06-27 14:21:00');
INSERT INTO vendas (venda_id, cliente_id, produto_id, quantidade, valor_total, data_venda) VALUES (177, 11, 11, 1, 549.00, '2024-03-23 13:26:00');
INSERT INTO vendas (venda_id, cliente_id, produto_id, quantidade, valor_total, data_venda) VALUES (178, 16, 5, 4, 5160.00, '2024-10-08 08:29:00');
INSERT INTO vendas (venda_id, cliente_id, produto_id, quantidade, valor_total, data_venda) VALUES (179, 3, 6, 3, 2697.00, '2024-06-14 09:49:00');
INSERT INTO vendas (venda_id, cliente_id, produto_id, quantidade, valor_total, data_venda) VALUES (180, 13, 14, 5, 595.00, '2024-01-01 18:55:00');
INSERT INTO vendas (venda_id, cliente_id, produto_id, quantidade, valor_total, data_venda) VALUES (181, 18, 8, 4, 1199.60, '2024-01-28 11:33:00');
INSERT INTO vendas (venda_id, cliente_id, produto_id, quantidade, valor_total, data_venda) VALUES (182, 12, 10, 4, 879.60, '2024-11-16 15:48:00');
INSERT INTO vendas (venda_id, cliente_id, produto_id, quantidade, valor_total, data_venda) VALUES (183, 2, 4, 3, 5697.00, '2024-10-08 10:59:00');
INSERT INTO vendas (venda_id, cliente_id, produto_id, quantidade, valor_total, data_venda) VALUES (184, 10, 8, 4, 1199.60, '2024-03-03 08:40:00');
INSERT INTO vendas (venda_id, cliente_id, produto_id, quantidade, valor_total, data_venda) VALUES (185, 20, 13, 2, 318.00, '2024-12-29 10:19:00');
INSERT INTO vendas (venda_id, cliente_id, produto_id, quantidade, valor_total, data_venda) VALUES (186, 18, 1, 5, 27499.50, '2024-07-27 09:14:00');
INSERT INTO vendas (venda_id, cliente_id, produto_id, quantidade, valor_total, data_venda) VALUES (187, 4, 8, 1, 299.90, '2024-11-27 10:31:00');
INSERT INTO vendas (venda_id, cliente_id, produto_id, quantidade, valor_total, data_venda) VALUES (188, 10, 9, 3, 1377.00, '2024-07-31 15:30:00');
INSERT INTO vendas (venda_id, cliente_id, produto_id, quantidade, valor_total, data_venda) VALUES (189, 8, 8, 5, 1499.50, '2024-03-15 14:12:00');
INSERT INTO vendas (venda_id, cliente_id, produto_id, quantidade, valor_total, data_venda) VALUES (190, 20, 9, 2, 918.00, '2024-02-05 12:49:00');
INSERT INTO vendas (venda_id, cliente_id, produto_id, quantidade, valor_total, data_venda) VALUES (191, 14, 6, 5, 4495.00, '2024-05-16 08:18:00');
INSERT INTO vendas (venda_id, cliente_id, produto_id, quantidade, valor_total, data_venda) VALUES (192, 10, 14, 5, 595.00, '2024-10-23 18:31:00');
INSERT INTO vendas (venda_id, cliente_id, produto_id, quantidade, valor_total, data_venda) VALUES (193, 5, 8, 5, 1499.50, '2024-09-04 13:21:00');
INSERT INTO vendas (venda_id, cliente_id, produto_id, quantidade, valor_total, data_venda) VALUES (194, 18, 13, 5, 795.00, '2024-07-12 15:59:00');
INSERT INTO vendas (venda_id, cliente_id, produto_id, quantidade, valor_total, data_venda) VALUES (195, 11, 14, 2, 238.00, '2024-12-23 11:36:00');
INSERT INTO vendas (venda_id, cliente_id, produto_id, quantidade, valor_total, data_venda) VALUES (196, 13, 4, 4, 7596.00, '2024-01-23 13:47:00');
INSERT INTO vendas (venda_id, cliente_id, produto_id, quantidade, valor_total, data_venda) VALUES (197, 16, 12, 4, 359.60, '2024-07-16 18:50:00');
INSERT INTO vendas (venda_id, cliente_id, produto_id, quantidade, valor_total, data_venda) VALUES (198, 5, 8, 1, 299.90, '2024-03-05 16:37:00');
INSERT INTO vendas (venda_id, cliente_id, produto_id, quantidade, valor_total, data_venda) VALUES (199, 11, 14, 1, 119.00, '2024-08-13 09:33:00');
INSERT INTO vendas (venda_id, cliente_id, produto_id, quantidade, valor_total, data_venda) VALUES (200, 15, 1, 2, 10999.80, '2024-07-28 18:09:00');

COMMIT;
